county_desc,voter_reg_num,ncid,ballot_req_type,ballot_rtn_status,voter_party_code,site_name
WAKE,1001,AA1,ONE STOP,ACCEPTED,DEM,Wake North Regional
WAKE,1002,AA2,ONE STOP,ACCEPTED,REP,Wake North Regional
WAKE,1003,AA3,MAIL,ACCEPTED,UNA,
WAKE,1004,AA4,ONE STOP,PENDING,DEM,Wake North Regional
MECKLENBURG,2001,BB1,ONE STOP,ACCEPTED,DEM,Charlotte Main
MECKLENBURG,2002,BB2,MAIL,ACCEPTED,REP,
MECKLENBURG,2003,BB3,ONE STOP,ACCEPTED,DEM,Charlotte Main
DURHAM,3001,CC1,ONE STOP,ACCEPTED,DEM,Durham South
DURHAM,3002,CC2,MAIL,SPOILED,DEM,
YADKIN,4001,DD1,ONE STOP,ACCEPTED,REP,Yadkinville
YADKIN,4002,DD2,ONE STOP,ACCEPTED,UNA,Yadkinville
